activo,modelo,semilla,particion,n_periodos,retorno_total,cagr,volatilidad_anual,ratio_sharpe,ratio_sortino,caida_maxima,ratio_calmar,exposicion,n_operaciones,aciertos
BTC_USD,Comprar y mantener,,prueba,427,-0.27255128817373786,-0.1712171638976131,0.40269050310548404,-0.2646871022958526,-0.2656845286174338,-0.5350818855532018,-0.3199831063624923,1.0,1.0,0.4894613583138173
BTC_USD,DQN,0.0,validacion,427,1.9154076191024392,0.8803935724853629,0.42796312626977073,1.68758381417965,1.9808535399105323,-0.29962470991701895,2.9383209840376243,0.8220140515222483,39.0,0.49572649572649574
BTC_USD,DQN,0.0,prueba,427,-0.3165032664190254,-0.20114600899298496,0.35084146527951504,-0.46377806450149334,-0.42492023413645286,-0.5094868784032751,-0.3948011568489728,0.7704918032786885,37.0,0.48024316109422494
BTC_USD,DQN,1.0,validacion,427,1.3936129302021358,0.6738015053289117,0.3839890294635003,1.5314494029664292,1.8080913726823467,-0.328135739945025,2.053423090827591,0.7353629976580797,85.0,0.5
BTC_USD,DQN,1.0,prueba,427,-0.05904874195599785,-0.03528224430995419,0.3087240426421019,0.03759320316030302,0.03645930619553459,-0.40822484903429,-0.08642845822202891,0.7142857142857143,81.0,0.49508196721311476
BTC_USD,DQN,2.0,validacion,427,0.9497679161707195,0.48298739894630294,0.3371005866772956,1.3344935027770561,1.3631404500062363,-0.19810005181020374,2.4380982969607947,0.4168618266978923,86.0,0.48314606741573035
BTC_USD,DQN,2.0,prueba,427,-0.41183974484024843,-0.2689204094472699,0.3142383293621549,-0.8382615964558191,-0.6904921636722865,-0.471613808196935,-0.5702131803040317,0.5199063231850117,75.0,0.45045045045045046
META,Comprar y mantener,,prueba,427,0.0689733485382713,0.04014816309668978,0.39425997577079025,0.2952663332230938,0.3097324466717782,-0.3415081234450239,0.1175613706979736,1.0,1.0,0.5081967213114754
META,DQN,0.0,validacion,427,2.297653597087683,1.0222084518075594,0.31856105184388,2.3665025052985182,3.0226732654946624,-0.16444622716906765,6.216065089511746,0.7939110070257611,57.0,0.5575221238938053
META,DQN,0.0,prueba,427,0.45126550086290207,0.2458253683497551,0.35004442640207545,0.8004873389140013,0.8553359161059548,-0.23489096642131935,1.0465509682855276,0.7447306791569087,73.0,0.5125786163522013
META,DQN,1.0,validacion,427,1.9281673905490315,0.8852461910918041,0.28521156985179763,2.3630746348582017,2.813288314299629,-0.1359665987355011,6.510762196926715,0.7259953161592506,56.0,0.5645161290322581
META,DQN,1.0,prueba,427,0.19960762319025616,0.11338686948788723,0.33071795208502996,0.48730755669683845,0.5121720263694178,-0.2523255703880093,0.44936733646743976,0.6955503512880562,71.0,0.4983164983164983
META,DQN,2.0,validacion,427,2.36978283565517,1.0481965075751982,0.3319748671255061,2.3232404612708732,2.839457439329799,-0.17983899805926828,5.8285272876673355,0.8688524590163934,47.0,0.5579514824797843
META,DQN,2.0,prueba,427,-0.2581647486346922,-0.16158286735071603,0.25269262258162223,-0.570445032287586,-0.4842446216550506,-0.46538119193840166,-0.34720540956477525,0.6252927400468384,84.0,0.5093632958801498
SPY,Comprar y mantener,,prueba,427,0.3378471150679121,0.18740958248000528,0.17337028779163108,1.076921675851737,1.063440351925787,-0.18755221196416583,0.9992395211836381,1.0,1.0,0.5644028103044496
SPY,DQN,0.0,validacion,427,0.5794315882404892,0.3096282197719695,0.1183139367127359,2.3400875624225623,2.3412084640063795,-0.09974314636021098,3.1042555911940313,0.9391100702576113,7.0,0.5785536159600998
SPY,DQN,0.0,prueba,427,0.31668297816101965,0.17628756933564893,0.16025060603056093,1.0925635500812823,1.0891922456523182,-0.17168088305850504,1.0268328435587906,0.882903981264637,13.0,0.5490716180371353
SPY,DQN,1.0,validacion,427,0.5112748657562345,0.27597463664717514,0.11813306623144336,2.122939212189435,2.0763935578511137,-0.08405608805215325,3.2832200860447434,0.9320843091334895,15.0,0.5829145728643216
SPY,DQN,1.0,prueba,427,0.28514773785601144,0.1595785263076137,0.1692118072861243,0.9589111190243744,0.9472829504400646,-0.18755221196416583,0.8508485431145071,0.8946135831381733,33.0,0.5602094240837696
SPY,DQN,2.0,validacion,427,0.5175029488000957,0.2790753344556993,0.11832803055924075,2.140155441014628,2.109099686117509,-0.09974314636021098,2.7979399551709614,0.9297423887587822,12.0,0.5768261964735516
SPY,DQN,2.0,prueba,427,0.2732409831084759,0.15322608690888262,0.16070375356787966,0.9665150339760304,0.9852520399971254,-0.12184621957900799,1.2575366510204051,0.8665105386416861,27.0,0.5486486486486486
PEP,Comprar y mantener,,prueba,427,-0.061197948800224666,-0.036583274777995944,0.22327232466140523,-0.05586957765526932,-0.05894934357922255,-0.20043389285696167,-0.18252040239573333,1.0,1.0,0.47540983606557374
PEP,DQN,0.0,validacion,427,0.03242549413911644,0.01901110490965041,0.1494664937639722,0.20058121448356794,0.19719536897148715,-0.12625321866418038,0.1505791702643071,0.9227166276346604,14.0,0.5076142131979695
PEP,DQN,0.0,prueba,427,-0.04252723816880133,-0.025321248104177352,0.19727357282490293,-0.03191403758116619,-0.031150250934883314,-0.17662227232944383,-0.14336384517206877,0.7985948477751756,25.0,0.4750733137829912
PEP,DQN,1.0,validacion,427,0.02717206881482248,0.015947807818469384,0.08694538884820029,0.22533377451021205,0.14784206149750753,-0.07919166521143894,0.2013824027552559,0.3395784543325527,42.0,0.5448275862068965
PEP,DQN,1.0,prueba,427,-0.20593276566498697,-0.1272308714935042,0.12227157351321265,-1.0513709166177208,-0.6452719306979315,-0.22238304150360944,-0.5721248825146551,0.31381733021077285,61.0,0.48507462686567165
PEP,DQN,2.0,validacion,427,0.06141024564202602,0.03579873360632457,0.11487270252541538,0.3636853888852909,0.27932493173565476,-0.12914178546402255,0.27720488359128115,0.5409836065573771,31.0,0.5194805194805194
PEP,DQN,2.0,prueba,427,-0.10295679560613724,-0.06210947769128572,0.17255067876183247,-0.2856966792885905,-0.263662106114905,-0.18432606370009863,-0.33695439724866477,0.6323185011709602,59.0,0.4703703703703704
TLT,Comprar y mantener,,prueba,427,-0.007373727124165841,-0.0043583061708906135,0.11297941707096672,0.017747118295973422,0.017418377194032927,-0.09437599252002649,-0.04618024197166229,1.0,1.0,0.5035128805620609
TLT,DQN,0.0,validacion,427,0.0915491834850286,0.05305678084101206,0.058103739718086876,0.9186447783760744,0.44445524573108913,-0.052815313454719126,1.0045719199697634,0.1053864168618267,20.0,0.5555555555555556
TLT,DQN,0.0,prueba,427,-0.08129953065768436,-0.04881150976033155,0.062341340116893594,-0.771440525845855,-0.43260660111578875,-0.10602695623451419,-0.4603688674450723,0.33489461358313816,14.0,0.46153846153846156
TLT,DQN,1.0,validacion,427,0.008855891351283729,0.005216982381412993,0.15973847061578825,0.11228359783612993,0.10957588421417155,-0.2171094051342347,0.024029278594298712,0.9484777517564403,21.0,0.5135802469135803
TLT,DQN,1.0,prueba,427,-0.07685951554381365,-0.04610119070272234,0.10813785638373666,-0.38241039344075956,-0.3684693050593362,-0.13799846007572458,-0.33407032714296236,0.955503512880562,19.0,0.49754901960784315
TLT,DQN,2.0,validacion,427,-7.68033964210213e-05,-4.532730800299589e-05,0.07990171615115507,0.03930332817698832,0.022209774861613903,-0.07793453804493833,-0.0005816074508180112,0.2505854800936768,30.0,0.4953271028037383
TLT,DQN,2.0,prueba,427,-0.027026831806803653,-0.01603973908448053,0.07269318656518171,-0.1860648663416741,-0.1204863219939037,-0.1055739132387783,-0.15192900018968875,0.405152224824356,28.0,0.5028901734104047
GLD,Comprar y mantener,,prueba,427,0.6156284799892238,0.3272588794359965,0.24822592676610677,1.2661226692287135,1.1425090918057415,-0.2640451785702955,1.2394048670306317,1.0,1.0,0.5784543325526932
GLD,DQN,0.0,validacion,427,0.4430545127530876,0.2416606757284161,0.13223992543826008,1.7034336575678386,1.7348844756970174,-0.08120389771692915,2.975973845132749,0.9063231850117096,11.0,0.5322997416020672
GLD,DQN,0.0,prueba,427,0.2683730898094838,0.15062198310959585,0.19471492660866935,0.8192171247731518,0.655445907128596,-0.29079868239920503,0.5179596477773023,0.7798594847775175,33.0,0.5825825825825826
GLD,DQN,1.0,validacion,427,0.4268358905217251,0.23340578762500708,0.13614795137618507,1.6093469941548069,1.6717167441818284,-0.096984880828614,2.4066203477371704,0.9531615925058547,15.0,0.5356265356265356
GLD,DQN,1.0,prueba,427,0.6633822320004583,0.3502728721404076,0.2148749987312859,1.5068610343075353,1.3192683249825374,-0.24840702413474536,1.4100763589938035,0.8430913348946136,49.0,0.5944444444444444
GLD,DQN,2.0,validacion,427,0.257089888747952,0.14457017816762785,0.1268175202855903,1.1283411571916524,1.10935461171674,-0.12051846647520681,1.1995686835043573,0.8454332552693209,31.0,0.5207756232686981
GLD,DQN,2.0,prueba,427,0.4561407279919092,0.24829356197753327,0.22052465747949143,1.1169941494759719,1.0102025003734934,-0.2395743465481861,1.0363946121735261,0.8266978922716628,45.0,0.5694050991501416
